lstat,rm,ptratio,indus,tax,nox,rad_24,crim,age,zn
-1.0433223343920266,0.20709638126656957,0.11303209559735014,-1.3068777139076349,-1.1061151427192604,-0.8352838375932041,-0.5940885257860046,-0.4170436764826997,-0.3511571334056307,-0.48772236467012914
-0.08593539395297425,-0.15476692246403476,-0.30309414801650153,-0.16440753654119306,0.14113426372146937,-0.06647246198853923,-0.5940885257860046,-0.40520502752930443,0.13957875851200235,-0.48772236467012914
-0.3424534175259558,-0.8585483084597779,-0.25685789872607445,-0.6167265084231814,-1.0407830309533173,-0.9216671382229419,-0.5940885257860046,-0.4005687179421299,-1.2366153731700558,-0.48772236467012914
-0.8512842511707231,-0.49810966340527885,1.1764658292771952,-0.4372580131280699,-0.6012760972551554,-0.14421743255530314,-0.5940885257860046,-0.2978681764316524,-1.396637946621458,-0.48772236467012914
0.7677229467898997,-0.5109315914902207,0.8065758349537706,1.0159990707250288,1.530926459469711,0.21859243008959417,1.6832508230603462,1.3920771416844087,0.08623790069486831,-0.48772236467012914
-0.6816739732891341,0.1615073036312177,0.8065758349537706,1.0159990707250288,1.530926459469711,1.8598751420546091,1.6832508230603462,0.10804049517901489,0.6907676226223873,-0.48772236467012914
-1.3615168226492227,1.0163025092940647,0.11303209559735014,-1.3068777139076349,-1.1061151427192604,-0.8352838375932041,-0.5940885257860046,-0.416750415936523,-0.8098885106329836,-0.48772236467012914
1.4475657961499884,-0.857123649783674,0.8065758349537706,1.0159990707250288,1.530926459469711,1.194723727205629,1.6832508230603462,7.483645639967817,1.1174944851594597,-0.48772236467012914
0.06965750559129358,-0.1875340720144447,-0.30309414801650153,-1.2660230970924875,-1.2783543464658373,-0.5761339357039916,-0.5940885257860046,-0.41348032810018753,0.008004642563071622,-0.48772236467012914
0.06965750559129358,-0.7744934465695991,0.5753945885016305,-0.876445143890904,-0.7378796036748544,-0.878475487908073,-0.5940885257860046,-0.40314056638280654,-0.0844528443199605,0.585266837604155
0.04863143808531142,-0.12769840761804443,1.1302295799867665,-0.37597608790534887,-0.14395131489355456,-0.299707373688831,-0.5940885257860046,-0.4079572544805263,-0.5040675924814151,-0.48772236467012914
-0.8106338539924911,0.13016481275691427,0.5291583392112035,-0.5481491159120413,-0.7200617550114154,-0.5329422853891227,-0.5940885257860046,-0.39938520216648815,-0.507623649669224,-0.48772236467012914
-0.30881170951638465,-1.0323566669445579,-2.5224341139570474,-1.0456999849822286,-0.8566652614311143,0.7973605443088366,-0.5940885257860046,-0.33188523605582404,-0.2053587887054645,0.3706689971492982
-0.09434582095536692,0.554713098236128,1.1764658292771952,-0.4372580131280699,-0.6012760972551554,-0.14421743255530314,-0.5940885257860046,-0.30385907044640514,0.6658752223077247,-0.48772236467012914
-0.9452006860307767,3.0108246558407057,-2.5224341139570474,-1.0456999849822286,-0.8566652614311143,0.7973605443088366,-0.5940885257860046,-0.3599870442664393,0.8152296241957001,0.3706689971492982
0.7537055684525785,-0.14194499437909286,0.8065758349537706,1.0159990707250288,1.530926459469711,0.5122956522307023,1.6832508230603462,0.7703298718200136,1.000144597961765,-0.48772236467012914
0.302345985990829,-0.6719180218900574,1.1764658292771952,-0.4372580131280699,-0.6012760972551554,-0.14421743255530314,-0.5940885257860046,-0.34232507875324947,0.7725569379419928,-0.48772236467012914
0.910700205830578,-0.16046555716845437,-1.505236629567631,-0.47665353648553344,-0.5775189657039035,-0.26515405343693593,-0.5940885257860046,-0.40369566670235524,0.978808254834911,0.04877223646701293
0.0976922622659363,-0.42972604695225103,0.7603395856633436,2.422565163932244,1.7981941894212958,0.46910400191583346,-0.5940885257860046,-0.407562749221979,0.5307450491709853,-0.48772236467012914
-0.053695423777134946,0.26978136301517897,1.1302295799867665,-0.37597608790534887,-0.14395131489355456,-0.299707373688831,-0.5940885257860046,-0.40561931623739533,1.0143688267130002,-0.48772236467012914
-0.5443036655833844,-0.619205650874182,0.34421334204949033,-0.7553403869031458,-0.7675760181139194,-0.4811123050112801,-0.5940885257860046,-0.4111912666147527,-0.9627989697087678,-0.48772236467012914
-1.1302300800834193,0.937946282108303,-1.7364178760197713,1.2319449024622358,-0.03110494002510758,0.4345506816639384,-0.5940885257860046,-0.2781254575193993,1.0250369982764276,-0.48772236467012914
0.23926778347288252,0.21706899199930357,0.8065758349537706,1.0159990707250288,1.530926459469711,0.21859243008959417,1.6832508230603462,-0.005218589726149959,0.22848018820722574,-0.48772236467012914
0.38084330467982874,-0.5878631599998773,-0.30309414801650153,-0.16440753654119306,0.14113426372146937,-0.06647246198853923,-0.5940885257860046,-0.4053214007619142,0.16091510163885575,-0.48772236467012914
-0.30881170951638465,-0.04364354572786559,-0.30309414801650153,-0.16440753654119306,0.14113426372146937,-0.06647246198853923,-0.5940885257860046,-0.4039563427434012,0.555637449485648,-0.48772236467012914
-1.0265014803872408,0.37235678769472064,-0.8579291395016376,-1.034027237320758,-0.6666082090210984,-0.3860906743185687,-0.5940885257860046,-0.41276230525498503,-1.2615077734847182,-0.48772236467012914
-1.3713289874853474,1.2727410709929183,-1.505236629567631,-1.123031938239472,-0.06080135446417258,-1.0166887689156532,-0.5940885257860046,-0.41043484060278895,-1.503319662255726,1.4436581994235824
-0.690084400291527,0.3609595182858827,0.0667958463069231,-0.6094310411347623,-1.1001758598314473,-0.7834538572153615,-0.5940885257860046,-0.4071810450190189,-0.3511571334056307,0.3706689971492982
2.3320623692349693,-1.9683574171453746,-1.7364178760197713,1.2319449024622358,-0.03110494002510758,2.732346478414959,-0.5940885257860046,-0.0970300878613281,1.0392612270276629,-0.48772236467012914
3.100214702120183,-1.9640834411170602,0.8065758349537706,1.0159990707250288,1.530926459469711,0.9787654756312858,1.6832508230603462,0.8721680876768522,1.1174944851594597,-0.48772236467012914
1.6690403738796664,-1.0893430139887477,0.8065758349537706,1.0159990707250288,1.530926459469711,1.2551920376464454,1.6832508230603462,0.5095933166930973,1.1174944851594597,-0.48772236467012914
0.6934308416020966,-0.10347921012426457,0.8065758349537706,1.0159990707250288,1.530926459469711,1.8598751420546091,1.6832508230603462,0.6248586761284551,1.0250369982764276,-0.48772236467012914
-1.1905048069339013,0.771261217004048,-0.39556664659735724,-0.6896811813073732,-0.9160580903092443,-0.9303054682859156,-0.5940885257860046,-0.4133872295140997,-1.4570909188142098,1.2290603589687255
-0.4125403092125629,0.949343551517141,-0.4880391451782146,-0.7203221439187337,-0.6012760972551554,-0.41200566450749,-0.5940885257860046,-0.3788453266108579,0.708547908561432,-0.48772236467012914
0.6710030362623822,0.6615624989439828,0.8065758349537706,1.0159990707250288,1.530926459469711,1.3674903284651043,1.6832508230603462,0.3612453746914246,0.8543462532615982,-0.48772236467012914
3.049752140105825,-1.8030970107172235,1.268938327858051,1.5689954911872015,0.17083067816053438,0.5986789528604399,-0.5940885257860046,-0.2309873159184725,1.1174944851594597,-0.48772236467012914
-1.2507795337843834,0.5675350263210699,0.8065758349537706,1.0159990707250288,1.530926459469711,0.6591472633012564,1.6832508230603462,0.2393164839568294,1.0037006551495735,-0.48772236467012914
-0.6382201004434378,-0.5793152079432485,0.20550459417820588,-0.7392903588686235,-0.3755833475182615,-1.2585620106789188,-0.5940885257860046,-0.4137805710403208,-1.6775664644583639,0.04877223646701293
0.21543824029943615,-0.04791752175617872,0.8065758349537706,1.0159990707250288,1.530926459469711,1.8598751420546091,1.6832508230603462,0.025988056330494853,0.8010053954444641,-0.48772236467012914
-0.21769875032379546,0.04895926821894332,-1.7364178760197713,1.2319449024622358,-0.03110494002510758,0.4345506816639384,-0.5940885257860046,-0.15281243318051116,0.978808254834911,-0.48772236467012914
0.342996383169061,-1.0195347388596145,0.34421334204949033,-0.21109852718707578,-0.10237633467886356,0.261784080404463,-0.5940885257860046,-0.399822765521101,0.1751393303900917,-0.48772236467012914
0.518213612385579,-0.5664932798583066,0.8065758349537706,1.0159990707250288,1.530926459469711,1.194723727205629,1.6832508230603462,1.134205695544346,0.9290234542055862,-0.48772236467012914
1.9788244351344697,-0.4240274122478314,0.8065758349537706,1.0159990707250288,1.530926459469711,1.194723727205629,1.6832508230603462,2.4941782037922886,1.1174944851594597,-0.48772236467012914
-1.068553615399205,0.734220091425325,-1.3202916324059188,-1.1974457045813474,-0.8507259785433013,-1.3276686511827085,-0.5940885257860046,-0.41797233487892593,-2.0865130410563912,2.087451720788153
-0.8540877268381876,0.6173980799847362,0.29797709275906326,-0.769931321479984,-0.4646725908354565,-1.068518749293496,-0.5940885257860046,-0.3983215508204346,-1.8162526947829123,0.4565081333312409
0.4060745856870075,-0.07926001263048343,1.1302295799867665,-0.37597608790534887,-0.14395131489355456,-0.299707373688831,-0.5940885257860046,-0.3898379421631799,0.8045614526322734,-0.48772236467012914
0.3317824804992039,0.18002786642057925,0.8065758349537706,1.0159990707250288,1.530926459469711,1.4106819787799734,1.6832508230603462,0.8697591617618293,1.1174944851594597,-0.48772236467012914
2.1232034320088804,-0.22030122156485335,-1.7364178760197713,1.2319449024622358,-0.03110494002510758,2.732346478414959,-0.5940885257860046,-0.14362593019829326,1.1174944851594597,-0.48772236467012914
-0.6298096734410449,0.22419228537982713,-0.11814915085479002,0.5695164726737753,-0.8210295641042363,-0.7834538572153615,-0.5940885257860046,-0.4156262505095123,-0.5325160499838865,0.7140255418770691
-0.07472149128311711,-1.8130696214499575,-1.7364178760197713,1.2319449024622358,-0.03110494002510758,2.732346478414959,-0.5940885257860046,-0.2894136610825503,0.6907676226223873,-0.48772236467012914
-0.38170207687045593,0.8467681268375994,-0.4880391451782146,-0.7203221439187337,-0.6012760972551554,-0.41200566450749,-0.5940885257860046,-0.34795172454993345,0.3244937322780671,-0.48772236467012914
-0.8022234269900983,1.3553712742069932,-0.025676652273934286,-1.3068777139076349,-1.1061151427192604,-0.7143472167115719,-0.5940885257860046,-0.4140994336976717,-0.9770231984600034,0.928623382331926
-0.7209226326336341,-0.16758885054897793,0.25174084346863457,-0.9158406672483674,-0.7556974523382934,-1.1117103996083648,-0.5940885257860046,-0.4163850039861282,-0.777883995942703,0.585266837604155
-0.43917332805347375,0.21137035729488396,0.29797709275906326,-0.769931321479984,-0.4646725908354565,-1.068518749293496,-0.5940885257860046,-0.4013868217673768,-0.6925386234352886,0.4565081333312409
-0.39852293087524154,-0.2616163231718908,-1.7364178760197713,1.2319449024622358,-0.03110494002510758,0.4345506816639384,-0.5940885257860046,-0.08024208532503788,0.8685704820128342,-0.48772236467012914
-1.3082507849674012,2.978057506290297,-1.7364178760197713,1.2319449024622358,-0.03110494002510758,0.4345506816639384,-0.5940885257860046,-0.24374414967715907,0.9005749967031148,-0.48772236467012914
-1.1344352935846158,0.9835353597436549,-0.6729841423399261,-1.410473349403187,-0.03704422291292058,-1.310391991056761,-0.5940885257860046,-0.4168516606488935,-1.894485952914709,3.589636603972151
-1.037715383057098,1.6061112012014283,-0.4880391451782146,-0.7203221439187337,-0.6012760972551554,-0.4379206546964113,-0.5940885257860046,-0.36664126570706784,0.2960452747755957,-0.48772236467012914
-0.8232494944960803,-0.016575030881875275,0.11303209559735014,0.2470568185256481,-0.06080135446417258,-1.0166887689156532,-0.5940885257860046,-0.41132858702923225,-2.22519927138094,-0.48772236467012914
-0.9353885211946515,-0.23169849097369133,-0.025676652273934286,-0.18045756457571516,-0.6190939459185945,-0.09238745217746054,-0.5940885257860046,-0.3285348506889878,-0.5609645074863581,-0.48772236467012914
0.7677229467898997,0.34243895549652115,0.8065758349537706,1.0159990707250288,1.530926459469711,1.3674903284651043,1.6832508230603462,0.13253124198174793,0.6374267648052533,-0.48772236467012914
-1.2774125526252942,2.812797099862147,0.29797709275906326,-0.769931321479984,-0.4646725908354565,-1.068518749293496,-0.5940885257860046,-0.37758267703704157,-2.1398538988735254,0.4565081333312409
0.13413744594297194,-0.7887400333306462,-0.30309414801650153,-0.16440753654119306,0.14113426372146937,-0.06647246198853923,-0.5940885257860046,-0.4036712283235072,-0.12001341619804987,-0.48772236467012914
-0.6732635462867413,1.1445217901434916,-1.4590003802772022,-1.191609330750612,-0.7319403207870414,-1.3363069812456823,-0.5940885257860046,-0.4194630759886575,-1.6989028075852175,3.375038763517294
-0.5583210439207057,0.29969919521337846,-1.0891103859537778,-0.7363721719532559,-0.47061187372326946,-1.0512420891675485,-0.5940885257860046,-0.40973427374247795,-1.784248180092632,0.9715429504228973
-0.313016923017581,-0.7445756143713995,0.8065758349537706,1.0159990707250288,1.530926459469711,-0.19604741293314576,1.6832508230603462,-0.09253342615328529,-1.005471655962475,-0.48772236467012914
0.08647835959607916,0.15723332760290332,0.8065758349537706,1.0159990707250288,1.530926459469711,1.8598751420546091,1.6832508230603462,0.027484616101856905,0.7974493382566554,-0.48772236467012914
0.9976079515219709,-1.332959647602658,0.8065758349537706,1.0159990707250288,1.530926459469711,1.194723727205629,1.6832508230603462,2.465736585742453,0.9752521976471022,-0.48772236467012914
-1.2241465149434727,1.9964676784541282,-0.4880391451782146,-0.7203221439187337,-0.6012760972551554,-0.4379206546964113,-0.5940885257860046,-0.3858160832441851,-1.8340329807219569,-0.48772236467012914
-0.7559660784769376,1.7599743382207402,-2.5224341139570474,-1.0456999849822286,-0.8566652614311143,0.7973605443088366,-0.5940885257860046,-0.3583601464745542,0.7405524232517127,0.3706689971492982
-1.1106057504111693,1.5291796326917717,-0.4880391451782146,-0.7203221439187337,-0.6012760972551554,-0.41200566450749,-0.5940885257860046,-0.3609541058294268,0.10757424382172172,-0.48772236467012914
2.1904868480280233,-2.3259467448476645,0.8065758349537706,1.0159990707250288,1.530926459469711,1.2551920376464454,1.6832508230603462,2.4182679441609136,1.1174944851594597,-0.48772236467012914
0.8448185276451675,0.2840279497762261,0.8065758349537706,1.0159990707250288,1.530926459469711,0.5122956522307023,1.6832508230603462,0.1463843115916189,0.8899068251396876,-0.48772236467012914
-0.174244877478099,-0.6320275789591239,0.34421334204949033,-0.7553403869031458,-0.7675760181139194,-0.4811123050112801,-0.5940885257860046,-0.4091780096906031,-0.2551435893347896,-0.48772236467012914
-1.2017187096037585,1.4280288666883354,-2.70737911111876,-1.403177882114768,-0.47061187372326946,-1.3017536609937872,-0.5940885257860046,-0.41584968711612313,-1.2259472016066288,2.9458430826075803
0.8139802953030606,-0.19038338936665386,1.268938327858051,1.5689954911872015,0.17083067816053438,0.5986789528604399,-0.5940885257860046,-0.35714986485541234,1.0428172842154722,-0.48772236467012914
-1.316661211969794,-1.8729052858463564,0.8065758349537706,1.0159990707250288,1.530926459469711,0.6591472633012564,1.6832508230603462,0.14950427795788776,1.1174944851594597,-0.48772236467012914
-0.35086384452834873,-0.08353398865879783,0.29797709275906326,-0.769931321479984,-0.4646725908354565,-1.068518749293496,-0.5940885257860046,-0.3976419311419933,0.37783459009520115,0.4565081333312409
-0.7727869324817234,-0.10775318615257896,-0.8579291395016376,-0.8487223681949111,-0.6844260576845375,-1.2931153309308134,-0.5940885257860046,-0.41601260964177683,-1.3255168028652793,1.7655549601058678
1.5470891823449704,0.1358634474613326,0.8065758349537706,1.0159990707250288,1.530926459469711,1.004680465820207,1.6832508230603462,2.331500061927045,0.9823643120227202,-0.48772236467012914
-0.48122546306543784,-0.5095069328141167,0.5753945885016305,-0.876445143890904,-0.7378796036748544,-0.878475487908073,-0.5940885257860046,-0.40849839001216187,-0.7601037100036583,0.585266837604155
-0.34946210669461664,0.6131241039564218,-0.30309414801650153,-0.16440753654119306,0.14113426372146937,-0.06647246198853923,-0.5940885257860046,-0.4087823406997298,0.4631799626026153,-0.48772236467012914
-0.9746371805391516,1.1316998620585483,-0.30309414801650153,-1.1274092186125233,-0.8210295641042363,-0.5674956056410178,-0.5940885257860046,-0.4143473086831305,-0.19469061714203756,-0.48772236467012914
0.29954251032336454,1.0390970481117408,-2.5224341139570474,-1.0456999849822286,-0.8566652614311143,0.7973605443088366,-0.5940885257860046,-0.32908296861458,0.5698616782368834,0.3706689971492982
-0.03126761843742067,-0.3884109453452136,-1.505236629567631,-0.47665353648553344,-0.5775189657039035,-0.26515405343693593,-0.5940885257860046,-0.4102428247689828,-0.07022861556872506,0.04877223646701293
-1.0321084317221694,3.555044270112717,0.8065758349537706,1.0159990707250288,1.530926459469711,1.4106819787799734,1.6832508230603462,-0.016204222884515406,0.5094087060441319,-0.48772236467012914
-0.9830476075415445,0.9849600184197601,1.1764658292771952,0.11573840733410301,-0.8032117154407974,0.1581241196487778,-0.5940885257860046,-0.41344657986273065,0.7974493382566554,-0.48772236467012914
-1.0040736750475265,1.3624945675875169,-1.3665278816963466,-1.403177882114768,-0.7378796036748544,-0.9734971186007845,-0.5940885257860046,-0.4190034017198488,-0.6854265090596708,1.0144625185138687
-0.8723103186767054,-0.31147937683555704,-1.7364178760197713,1.2319449024622358,-0.03110494002510758,0.4345506816639384,-0.5940885257860046,-0.26424678579835426,1.1174944851594597,-0.48772236467012914
0.20282259979584688,-0.23169849097369133,-1.7364178760197713,1.2319449024622358,-0.03110494002510758,2.732346478414959,-0.5940885257860046,-0.2277335203347024,1.0214809410886183,-0.48772236467012914
-0.8919346483489553,0.04326063351452497,-0.8579291395016376,-1.034027237320758,-0.6666082090210984,-0.3860906743185687,-0.5940885257860046,-0.4142041696070205,0.17158327320228298,-0.48772236467012914
1.0186340190279533,-0.7659454945129702,0.8065758349537706,1.0159990707250288,1.530926459469711,1.194723727205629,1.6832508230603462,0.4723003505709597,1.0783778560935615,-0.48772236467012914
0.1860017457910613,-0.9696716851959484,-0.30309414801650153,-1.2660230970924875,-1.2783543464658373,-0.5761339357039916,-0.5940885257860046,-0.4108491293108799,0.7547766520029481,-0.48772236467012914
-0.3214273500199739,0.13871276481354178,-0.025676652273934286,-0.18045756457571516,-0.6190939459185945,-0.09238745217746054,-0.5940885257860046,-0.37373305050230926,-0.048892272441871144,-0.48772236467012914
1.0929261242157564,0.13158947143301822,-1.505236629567631,-0.47665353648553344,-0.5775189657039035,-0.26515405343693593,-0.5940885257860046,-0.3943462411944837,0.9147992254543502,0.04877223646701293
2.519895238955076,-2.7305498088614115,0.8065758349537706,1.0159990707250288,1.530926459469711,1.2551920376464454,1.6832508230603462,1.9168273221685335,0.8045614526322734,-0.48772236467012914
0.11030790276952555,-0.21032861083212062,1.1302295799867665,-0.37597608790534887,-0.14395131489355456,-0.299707373688831,-0.5940885257860046,-0.3958916777235419,0.6694312794955339,-0.48772236467012914
-0.7615730298118661,0.4763568710503662,0.25174084346863457,-0.9158406672483674,-0.7556974523382934,-1.1117103996083648,-0.5940885257860046,-0.41532484383705287,0.0649015575680149,0.585266837604155
-0.353667320195813,-0.4539452444460309,0.34421334204949033,-0.7553403869031458,-0.7675760181139194,-0.4811123050112801,-0.5940885257860046,-0.40014628310775624,-1.3646334319311773,-0.48772236467012914
0.46074236120256085,-0.7160824408493041,-0.025676652273934286,-0.18045756457571516,-0.6190939459185945,-0.09238745217746054,-0.5940885257860046,-0.39198037337552644,0.11113030100953096,-0.48772236467012914
-0.07191801561565264,-0.5807398666193537,-1.7364178760197713,1.2319449024622358,-0.03110494002510758,0.4345506816639384,-0.5940885257860046,-0.21101301427332586,0.37783459009520115,-0.48772236467012914
1.6045604335279882,-0.17471214392950152,0.8065758349537706,1.0159990707250288,1.530926459469711,0.25314575034148923,1.6832508230603462,0.32347062338628246,1.0250369982764276,-0.48772236467012914
-1.1092040125774372,1.077562832366569,-1.6901816267293426,-1.2981231531615318,-0.29837266997669254,-1.3363069812456823,-0.5940885257860046,-0.41404590201067115,-2.0829569838685824,2.516647401697867
-0.7377434866384198,0.376630763723035,-1.1353466352442065,0.40609800541318597,-0.7081831892357894,-1.0166887689156532,-0.5940885257860046,-0.41426584742030365,-0.6249735368669188,-0.48772236467012914
-0.8456772998357946,1.4095083038989737,-2.70737911111876,-1.403177882114768,-0.47061187372326946,-1.3017536609937872,-0.5940885257860046,-0.41613247407136494,-1.0765927997186537,2.9458430826075803
1.2036634130805954,0.7256721393686961,0.8065758349537706,1.0159990707250288,1.530926459469711,1.004680465820207,1.6832508230603462,0.7226738693339729,1.0748217989057522,-0.48772236467012914
0.5602657473975428,-0.9354798769694345,-1.7364178760197713,1.2319449024622358,-0.03110494002510758,2.732346478414959,-0.5940885257860046,-0.169727282540346,1.1174944851594597,-0.48772236467012914
0.9415384381726855,0.1714799143639517,0.8065758349537706,1.0159990707250288,1.530926459469711,1.194723727205629,1.6832508230603462,0.2628320230702923,0.9752521976471022,-0.48772236467012914
2.365704077244541,-1.9355902675949646,-1.7364178760197713,1.2319449024622358,-0.03110494002510758,2.732346478414959,-0.5940885257860046,-0.14487345125187034,0.9645840260836755,-0.48772236467012914
1.2429120724250955,-0.13054772497025488,0.8065758349537706,1.0159990707250288,1.530926459469711,1.0737871063239972,1.6832508230603462,0.4368169882159047,0.3387179610293025,-0.48772236467012914
-0.44057506588720585,0.39942530254071096,-0.8579291395016376,-0.8487223681949111,-0.6844260576845375,-1.2931153309308134,-0.5940885257860046,-0.41551685967085905,-1.6242256066412297,1.7655549601058678
1.7881880897468987,-0.6106576988175532,0.29797709275906326,2.117614631276323,-1.3080507609049024,0.22723076015256793,-0.5940885257860046,-0.4030172107562401,1.0108127695251916,-0.48772236467012914
2.3867301447505227,-1.6976722686854726,0.7603395856633436,2.422565163932244,1.7981941894212958,0.46910400191583346,-0.5940885257860046,-0.3963746266388725,1.046373341403281,-0.48772236467012914
-0.18405704231422404,-0.1732874852533963,-0.21062164943564576,-1.2032820784120826,-0.7853938667773583,-0.9475821284118632,-0.5940885257860046,-0.40712984079667053,0.036453100065543004,-0.48772236467012914
1.929763610953845,-1.1634252651461936,-1.7364178760197713,1.2319449024622358,-0.03110494002510758,2.732346478414959,-0.5940885257860046,0.056310265819305205,1.1174944851594597,-0.48772236467012914
-0.740546962305884,0.4578363082610047,-0.8579291395016376,-0.9056270130445806,-0.6428510774698464,-1.0944337394824173,-0.5940885257860046,-0.40975056599504334,-0.9379065693941051,0.7998646780590118
-1.3559098713142939,0.8111516599349815,-0.39556664659735724,-0.6896811813073732,-0.9160580903092443,-0.9303054682859156,-0.5940885257860046,-0.40934093221625684,-0.9165702262672517,1.2290603589687255
-1.1834961177652406,2.5421119514022466,-0.21062164943564576,-1.2032820784120826,-0.7853938667773583,-0.9475821284118632,-0.5940885257860046,-0.4064560397798598,0.2640407600853151,-0.48772236467012914
-1.1428457205870086,0.6316446667457833,-0.6729841423399261,-1.3302232092305764,-1.3139900437927152,-1.249923680615945,-0.5940885257860046,-0.4185285989308008,-1.1548260578504501,3.375038763517294
0.739688190115257,-0.4610685378265545,0.29797709275906326,2.117614631276323,-1.3080507609049024,0.22723076015256793,-0.5940885257860046,-0.4096958705757167,0.8650144248250254,-0.48772236467012914
-0.9774406562066159,0.3965759851885005,-0.30309414801650153,-1.2660230970924875,-1.2783543464658373,-0.5761339357039916,-0.5940885257860046,-0.4088707843565132,0.9610279688958663,-0.48772236467012914
-1.3376872794757761,1.8881936190701682,-1.7364178760197713,-1.3287641157728924,-0.3577654988548225,-1.2067320303010762,-0.5940885257860046,-0.4179839722021869,-1.880261724163473,3.053142002835009
-0.48963589006783076,-0.25164371243915806,0.29797709275906326,-0.769931321479984,-0.4646725908354565,-1.068518749293496,-0.5940885257860046,-0.3809703018383129,-1.1974987441041576,0.4565081333312409
0.09629052443220419,-0.5892878186759812,0.8065758349537706,1.0159990707250288,1.530926459469711,0.24450742027851546,1.6832508230603462,-0.14371553758740283,-0.948574740957532,-0.48772236467012914
-0.441976803720938,0.4350417694433288,-1.0891103859537778,-0.7363721719532559,-0.47061187372326946,-1.0512420891675485,-0.5940885257860046,-0.4164012962386936,-1.001915598774666,0.9715429504228973
-0.6452287896120984,-0.8856168233057682,1.6388283221814757,-1.3462732372650983,-0.44091545928420445,-1.2240086904270238,-0.5940885257860046,-0.41551220474155465,-1.659786178519319,2.9458430826075803
-0.35647079586327746,-0.7516989077519232,0.8065758349537706,1.0159990707250288,1.530926459469711,0.3654440411601482,1.6832508230603462,5.5303209306122705,1.1174944851594597,-0.48772236467012914
2.4273805419287546,-0.6163563335219716,0.8065758349537706,1.0159990707250288,1.530926459469711,1.194723727205629,1.6832508230603462,0.7335035623606413,0.3280497894658758,-0.48772236467012914
0.03881927324918639,-0.07783535395437821,-0.11814915085479002,-1.3681596391303559,-0.9932687678508133,-1.4658819321902887,-0.5940885257860046,-0.41823068345531966,-1.3184046884896612,2.9458430826075803
0.302345985990829,-0.42545207092393666,0.29797709275906326,2.117614631276323,-1.3080507609049024,0.22723076015256793,-0.5940885257860046,-0.40084801370039336,0.7049918513736233,-0.48772236467012914
-0.52187586024367,0.47208289502205186,-0.025676652273934286,-1.3068777139076349,-1.1061151427192604,-0.7143472167115719,-0.5940885257860046,-0.4141413280614112,-0.3724934765324843,0.928623382331926
-0.7083069921300449,0.47493221237426225,-0.4880391451782146,-0.7203221439187337,-0.6012760972551554,-0.41200566450749,-0.5940885257860046,-0.3489827913908563,0.4347315051001439,-0.48772236467012914
0.20282259979584688,-0.9069867034473402,0.8065758349537706,1.0159990707250288,1.530926459469711,0.5122956522307023,1.6832508230603462,0.9815705636533281,0.6765433938711515,-0.48772236467012914
-0.3018030203477239,0.12589083672859988,-0.950401638082495,0.40172072504013456,-0.7853938667773583,-0.04055747179961793,-0.5940885257860046,-0.40722177565043227,0.8472341388859808,-0.48772236467012914
0.7971594412982748,-0.9226579488844926,1.268938327858051,1.5689954911872015,0.17083067816053438,0.5986789528604399,-0.5940885257860046,-0.3179635062387133,0.9290234542055862,-0.48772236467012914
0.6317543769178822,-1.0252333735640329,0.8065758349537706,1.0159990707250288,1.530926459469711,0.25314575034148923,1.6832508230603462,0.6026500084172003,0.07201367194363237,-0.48772236467012914
-1.2746090769578298,1.2300013107097756,0.34421334204949033,-0.9027088261292129,-0.9695116362995614,-1.2412853505529713,-0.5940885257860046,-0.41134022435249323,-1.4535348616264008,2.9458430826075803
-0.03126761843742067,-0.824356500233264,-0.7192203916303548,-0.7407494523263074,-0.6190939459185945,-1.0089142718589768,-0.5940885257860046,-0.4146719900021119,-1.4286424613117383,1.0144625185138687
0.638763066086543,0.9735627490109221,0.8065758349537706,1.0159990707250288,1.530926459469711,1.004680465820207,1.6832508230603462,9.933930601860267,0.8294538529469361,-0.48772236467012914
-0.26816131233815244,-0.0607394498411219,0.8065758349537706,1.0159990707250288,1.530926459469711,-0.19604741293314576,1.6832508230603462,0.25724145297571743,-0.13779370213709455,-0.48772236467012914
-0.16443271264197398,-0.22457519759316774,0.8065758349537706,1.0159990707250288,1.530926459469711,1.8598751420546091,1.6832508230603462,0.18482937271659344,0.5271889919831765,-0.48772236467012914
0.4467249828652395,-0.704685171440466,-1.1353466352442065,0.40609800541318597,-0.7081831892357894,-1.0166887689156532,-0.5940885257860046,-0.4041053004811418,-0.3760495337202933,-0.48772236467012914
-0.31582039868504524,-0.39268492137352673,-1.1353466352442065,0.40609800541318597,-0.7081831892357894,-1.0166887689156532,-0.5940885257860046,-0.4109759761344246,-0.9343505122062963,-0.48772236467012914
-1.3587133469817583,1.0419463654639498,0.8065758349537706,1.0159990707250288,1.530926459469711,0.6591472633012564,1.6832508230603462,0.3404192209835742,1.0285930554642362,-0.48772236467012914
2.9950843645902725,-0.49810966340527885,0.8065758349537706,1.0159990707250288,1.530926459469711,1.6007252401653962,1.6832508230603462,1.1712472954840463,0.6872115654345786,-0.48772236467012914
0.49858928271332886,-0.5294521542795823,-0.30309414801650153,-0.16440753654119306,0.14113426372146937,-0.06647246198853923,-0.5940885257860046,-0.4061697616276397,0.8650144248250254,-0.48772236467012914
-1.067151877565473,0.9906586531241797,-0.30309414801650153,-1.2660230970924875,-1.2783543464658373,-0.5761339357039916,-0.5940885257860046,-0.4137910446312557,-0.3618253049690576,-0.48772236467012914
-0.0018311239290455864,-1.868631309818042,-0.025676652273934286,-0.18045756457571516,-0.6190939459185945,-0.09238745217746054,-0.5940885257860046,-0.1138180903976183,-1.0943730856576985,-0.48772236467012914
-0.5611245195881699,0.36380883563809185,-1.1815828845346343,-1.349191424180466,0.08174143484333939,-0.3169840338147785,-0.5940885257860046,-0.4176104141255095,-0.31559656152754134,-0.48772236467012914
-0.9774406562066159,0.044685292190628924,0.8065758349537706,-0.8676905831448009,-1.0942365769436344,-0.3428990240036998,-0.5940885257860046,-0.414602166062546,-1.0837049140942714,-0.48772236467012914
-0.16863792614317055,-0.5408494236884203,0.8065758349537706,1.0159990707250288,1.530926459469711,0.24450742027851546,1.6832508230603462,0.1422251322581446,-0.5467402787351221,-0.48772236467012914
0.6009161445757752,-0.4966850047291736,0.8065758349537706,1.0159990707250288,1.530926459469711,1.3674903284651043,1.6832508230603462,0.5338105863991973,0.41695121916109923,-0.48772236467012914
-1.2199413014422764,2.7957011957488893,-0.4880391451782146,-0.7203221439187337,-0.6012760972551554,-0.41200566450749,-0.5940885257860046,-0.3819431820629309,0.0649015575680149,-0.48772236467012914
-0.4728150360630452,0.4022746198929201,-0.025676652273934286,-0.18045756457571516,-0.6190939459185945,-0.09238745217746054,-0.5940885257860046,-0.37755241999656297,0.6658752223077247,-0.48772236467012914
-0.1420049073022597,-0.6135070161697623,-1.7364178760197713,1.2319449024622358,-0.03110494002510758,0.4345506816639384,-0.5940885257860046,-0.1595667356011841,0.8258977957591268,-0.48772236467012914
0.5953091932408463,-0.4881370526725448,1.268938327858051,1.5689954911872015,0.17083067816053438,0.5986789528604399,-0.5940885257860046,-0.38297075770687544,0.8863507679518788,-0.48772236467012914
-0.5667314709230986,1.1715903049894818,-2.70737911111876,-1.403177882114768,-0.47061187372326946,-1.3017536609937872,-0.5940885257860046,-0.4150874424425289,-1.1370457719114055,2.9458430826075803
-0.6816739732891341,1.493563165789154,-2.5224341139570474,-1.0456999849822286,-0.8566652614311143,0.7973605443088366,-0.5940885257860046,-0.3433026139071718,1.1174944851594597,0.3706689971492982
-1.427398500834633,2.923920476598316,-0.4880391451782146,-0.7203221439187337,-0.6012760972551554,-0.41200566450749,-0.5940885257860046,-0.3535690604880087,0.16802721601447373,-0.48772236467012914
0.4355110801953823,-0.5080822741380115,-0.30309414801650153,-0.16440753654119306,0.14113426372146937,-0.06647246198853923,-0.5940885257860046,-0.40057802780073865,0.6978797369980053,-0.48772236467012914
0.24066952130661465,-0.5907124773520864,0.29797709275906326,2.117614631276323,-1.3080507609049024,0.22723076015256793,-0.5940885257860046,-0.412488828158352,0.040009157253352245,-0.48772236467012914
-0.6816739732891341,-0.5707672558866197,-0.07191290156436134,-1.3783732933341428,0.016409323077396405,-1.2412853505529713,-0.5940885257860046,-0.41208734050584817,-1.780692122904823,2.087451720788153
-1.1933082826013655,2.82276971059488,-0.4880391451782146,-0.7203221439187337,-0.6012760972551554,-0.4379206546964113,-0.5940885257860046,-0.3838214460372531,0.3458300754049205,-0.48772236467012914
1.4980283581643454,-3.058221304365503,0.8065758349537706,1.0159990707250288,1.530926459469711,0.9010205050645219,1.6832508230603462,1.9902937439151018,1.1174944851594597,-0.48772236467012914
-0.47141329822931305,-0.45109592709382174,0.8065758349537706,-0.8676905831448009,-1.0942365769436344,-0.3428990240036998,-0.5940885257860046,-0.4133592999382733,-0.35826924778124863,-0.48772236467012914
0.6359595904190787,-0.8428770630226269,1.268938327858051,1.5689954911872015,0.17083067816053438,0.5986789528604399,-0.5940885257860046,-0.3903592942452718,0.9752521976471022,-0.48772236467012914
-0.6199975086049199,0.23986353081697948,-1.4590003802772022,-1.2966640597038481,-0.6428510774698464,-1.4313286119383937,-0.5940885257860046,-0.4192419668466989,-1.3041804597384257,1.8728538803332961
2.298420661225398,0.21279501597098918,0.8065758349537706,1.0159990707250288,1.530926459469711,1.0737871063239972,1.6832508230603462,1.6840459449791438,1.1174944851594597,-0.48772236467012914
0.20142086196211478,-0.22457519759316774,1.1302295799867665,-0.37597608790534887,-0.14395131489355456,-0.299707373688831,-0.5940885257860046,-0.4052527405546744,0.5911980213637372,-0.48772236467012914
3.5487708089144676,-3.058221304365503,0.8065758349537706,1.0159990707250288,1.530926459469711,0.9787654756312858,1.6832508230603462,1.7321779139865585,1.1174944851594597,-0.48772236467012914
0.9331280111702923,0.18857581847720803,0.8065758349537706,1.0159990707250288,1.530926459469711,1.3674903284651043,1.6832508230603462,0.4553086948776024,1.0570415129667077,-0.48772236467012914
0.333184218332936,-0.6590960938051142,1.268938327858051,1.5689954911872015,0.17083067816053438,0.5986789528604399,-0.5940885257860046,-0.38213519789673706,0.9539158545202489,-0.48772236467012914
0.09488878659847208,-3.4500024402943077,0.8065758349537706,1.0159990707250288,1.530926459469711,0.6591472633012564,1.6832508230603462,1.153104708520178,1.1174944851594597,-0.48772236467012914
-0.4349681145522772,-0.3072054008072427,-0.25685789872607445,-0.6167265084231814,-1.0407830309533173,-0.9216671382229419,-0.5940885257860046,-0.4062395855672056,-1.0161398275259017,-0.48772236467012914
0.6934308416020966,-0.8756442125730355,0.34421334204949033,-0.21109852718707578,-0.10237633467886356,0.261784080404463,-0.5940885257860046,-0.39968777257127364,-1.4144182325605026,-0.48772236467012914
-1.119016177413562,0.007644166611905868,-1.0891103859537778,-1.1332455924432587,-0.42309761062076545,-1.3535836413716298,-0.5940885257860046,-0.416346600819367,-1.8055845232194856,2.9458430826075803
-1.3306785903071154,2.3341117846909527,-2.2450166182144793,-1.4484097793029667,-1.2486579320267723,-1.3276686511827085,-0.5940885257860046,-0.41877065525462914,-1.55666052007286,3.375038763517294
-0.8582929403393839,0.4920281164875186,0.020559597016494405,-0.9698271251826692,-0.9576330705239353,-0.9130288081599681,-0.5940885257860046,-0.4138434125859301,-0.44361462028866305,-0.48772236467012914
-0.20087789631900962,0.10452095658702791,-0.8579291395016376,-0.9056270130445806,-0.6428510774698464,-1.0944337394824173,-0.5940885257860046,-0.40854261184055357,-0.5574084502985491,0.7998646780590118
-1.1498544097556693,2.2030431864893165,-0.30309414801650153,-1.2660230970924875,-1.2783543464658373,-0.5761339357039916,-0.5940885257860046,-0.4139981889853011,-0.5325160499838865,-0.48772236467012914
1.6452108307062203,-0.5536713517733634,0.8065758349537706,1.0159990707250288,1.530926459469711,1.0737871063239972,1.6832508230603462,1.425196963685159,0.9539158545202489,-0.48772236467012914
-0.7377434866384198,0.32106907535494916,-1.7364178760197713,1.2319449024622358,-0.03110494002510758,2.732346478414959,-0.5940885257860046,-0.2546832335424806,1.1174944851594597,-0.48772236467012914
0.4285023910267218,-0.5636439625060962,-1.505236629567631,-0.47665353648553344,-0.5775189657039035,-0.26515405343693593,-0.5940885257860046,-0.40960393572195497,-1.051700399403991,0.04877223646701293
-0.4167455227137595,-0.500958980757488,0.34421334204949033,-0.7553403869031458,-0.7675760181139194,-0.4811123050112801,-0.5940885257860046,-0.41304974713953124,-0.01333170056378179,-0.48772236467012914
0.020596681410668692,0.29969919521337846,1.1764658292771952,-0.4372580131280699,-0.6012760972551554,-0.14421743255530314,-0.5940885257860046,-0.33056207240105057,0.9183552826421595,-0.48772236467012914
0.24907994830900756,-0.5835891839715629,-1.7364178760197713,1.2319449024622358,-0.03110494002510758,0.4345506816639384,-0.5940885257860046,-0.2800060489583738,0.9254673970177769,-0.48772236467012914
1.9858331243031304,-1.2560280790930025,-1.7364178760197713,1.2319449024622358,-0.03110494002510758,2.732346478414959,-0.5940885257860046,-0.03403609331731552,1.1174944851594597,-0.48772236467012914
1.0733017945435064,0.1700552556878465,0.8065758349537706,1.0159990707250288,1.530926459469711,1.194723727205629,1.6832508230603462,0.696166374410112,1.1174944851594597,-0.48772236467012914
-0.948004161698241,0.9322476474038847,0.5753945885016305,-1.4425734054722315,-0.43497617639639147,-1.0857954094194435,-0.5940885257860046,-0.4171437574627441,-1.2117229728553933,1.2290603589687255
1.234501645422703,-0.17186282657729235,-0.4880391451782146,-0.7203221439187337,-0.6012760972551554,-0.41200566450749,-0.5940885257860046,-0.3730708868087595,0.8081175098200821,-0.48772236467012914
-0.8414720863345981,0.484904823106995,-0.21062164943564576,-1.2032820784120826,-0.7853938667773583,-0.9475821284118632,-0.5940885257860046,-0.40631522816840193,-0.3831616480959113,-0.48772236467012914
-0.451788968557063,-0.24167110170642406,-0.7654566409207818,-0.8020313775490284,-0.9813902020751873,-0.9994121087897058,-0.5940885257860046,-0.4154703103778152,-0.19824667432984655,0.41358856524026955
-0.17845009097929534,0.8724119830074857,-0.8579291395016376,-0.9056270130445806,-0.6428510774698464,-1.0944337394824173,-0.5940885257860046,-0.4073334939537377,-0.507623649669224,0.7998646780590118
1.4840109798270238,0.5190966313335089,0.8065758349537706,1.0159990707250288,1.530926459469711,1.004680465820207,1.6832508230603462,1.3585965626625685,0.8792386535762609,-0.48772236467012914
1.5344735418413813,-1.0665484751710717,0.8065758349537706,1.0159990707250288,1.530926459469711,1.2551920376464454,1.6832508230603462,0.6486057979748115,1.1174944851594597,-0.48772236467012914
-0.8036251648238304,0.8196996119916103,-0.8579291395016376,-1.034027237320758,-0.6666082090210984,-0.3860906743185687,-0.5940885257860046,-0.4127879073661592,0.2071438450803723,-0.48772236467012914
-1.0951866342401158,0.6914803311421823,-0.25685789872607445,-0.6167265084231814,-1.0407830309533173,-0.9216671382229419,-0.5940885257860046,-0.405686812712309,-2.3354370442030166,-0.48772236467012914
1.325614604615292,-0.6647947285095338,0.8065758349537706,1.0159990707250288,1.530926459469711,1.6007252401653962,1.6832508230603462,2.1456403721259285,0.8472341388859808,-0.48772236467012914
0.856032430315025,-0.33284925697712775,0.8065758349537706,1.0159990707250288,1.530926459469711,1.2551920376464454,1.6832508230603462,0.19545192138921633,0.4951844772928959,-0.48772236467012914
-0.23592134216231314,0.058931878951676064,0.0667958463069231,-0.0797801159955307,-0.7794545838895454,-0.5674956056410178,-0.5940885257860046,-0.3937876496779566,-0.5716326790497848,-0.48772236467012914
-1.3517046578130976,1.938056672733833,-1.6439453774389146,-1.139081966273994,-1.1417508400461382,-0.9657226215441079,-0.5940885257860046,-0.41338490204944744,-0.6712022803084349,0.3706689971492982
-0.8526859890044552,-0.25164371243915806,-0.950401638082495,-1.093850069085795,-0.5537618341526515,-1.4054136217494724,-0.5940885257860046,-0.4149093913966359,-1.3006244025506166,2.9458430826075803
1.8414541274287197,0.7085762352554399,0.8065758349537706,1.0159990707250288,1.530926459469711,1.0737871063239972,1.6832508230603462,0.840293459265027,0.7903372238810374,-0.48772236467012914
-1.0265014803872408,1.2285766520336716,0.11303209559735014,-1.3068777139076349,-1.1061151427192604,-0.8352838375932041,-0.5940885257860046,-0.41248184576439545,-0.5111797068570327,-0.48772236467012914
-1.3376872794757761,1.6659468655978273,-1.1815828845346343,-1.077800041051273,-0.9754509191873744,-1.3881369616235248,-0.5940885257860046,-0.41872759715856356,-1.22239114441882,3.375038763517294
0.572881387901132,1.579042686355438,0.8065758349537706,1.0159990707250288,1.530926459469711,1.3674903284651043,1.6832508230603462,0.539339478680489,1.092602084844797,-0.48772236467012914
-0.4531907063907951,0.6302200080696794,1.1302295799867665,-0.37597608790534887,-0.14395131489355456,-0.299707373688831,-0.5940885257860046,-0.40321737271632896,0.40272699040986376,-0.48772236467012914
-1.334883803808312,2.5007968497952064,-0.4880391451782146,-0.7203221439187337,-0.6012760972551554,-0.4379206546964113,-0.5940885257860046,-0.3760465503665921,0.6374267648052533,-0.48772236467012914
0.986394048852114,0.781233827736782,0.8065758349537706,1.0159990707250288,1.530926459469711,0.25314575034148923,1.6832508230603462,0.7504649610135201,0.9147992254543502,-0.48772236467012914
-0.45879765772572356,0.12874015408080905,0.0667958463069231,-0.0797801159955307,-0.7794545838895454,-0.5674956056410178,-0.5940885257860046,-0.40416465082977276,-1.28995623098719,-0.48772236467012914
0.4256989153592573,-0.6377262136635435,0.8065758349537706,1.0159990707250288,1.530926459469711,0.25314575034148923,1.6832508230603462,1.004728836942679,-0.31559656152754134,-0.48772236467012914
-0.08733713178670637,-0.5764658905910394,-1.7364178760197713,1.2319449024622358,-0.03110494002510758,0.4345506816639384,-0.5940885257860046,-0.1512413945402788,1.0214809410886183,-0.48772236467012914
-1.2732073391240977,2.1873719410521644,-0.21062164943564576,-1.2032820784120826,-0.7853938667773583,-0.9475821284118632,-0.5940885257860046,-0.41098994092233776,-1.1263776003479788,-0.48772236467012914
-1.1148109639123658,0.4920281164875186,0.34421334204949033,-0.9027088261292129,-0.9695116362995614,-1.2412853505529713,-0.5940885257860046,-0.4163105251172579,-1.6064453207021852,2.9458430826075803
-0.4461820172221343,-0.14621897040740597,0.0667958463069231,-0.0797801159955307,-0.7794545838895454,-0.5674956056410178,-0.5940885257860046,-0.3974731899547091,-0.9307944550184873,-0.48772236467012914
0.2504816861427397,-0.4539452444460309,0.5753945885016305,-0.876445143890904,-0.7378796036748544,-0.878475487908073,-0.5940885257860046,-0.400534969704673,0.8827947107640701,0.585266837604155
0.8616393816499534,-0.36276708917532724,-0.25685789872607445,-0.6167265084231814,-1.0407830309533173,-0.9216671382229419,-0.5940885257860046,-0.39383652643565276,0.601866192927164,-0.48772236467012914
2.1105877915052913,-0.47673978326370686,1.1764658292771952,-0.4372580131280699,-0.6012760972551554,-0.14421743255530314,-0.5940885257860046,-0.2589925343460216,0.47740419135385126,-0.48772236467012914
-0.730734797469759,2.8669341295541275,-2.5224341139570474,-1.0456999849822286,-0.8566652614311143,0.17540077977472532,-0.5940885257860046,-0.35321412212854875,-0.05600438681748912,0.3706689971492982
0.01919494357693633,-0.2872601793417759,0.5291583392112035,-0.5481491159120413,-0.7200617550114154,-0.5329422853891227,-0.5940885257860046,-0.39246797722016147,-0.8845657115769711,-0.48772236467012914
-1.1498544097556693,1.2114807479204142,-0.6729841423399261,-1.410473349403187,-0.03704422291292058,-1.310391991056761,-0.5940885257860046,-0.4184483014003,-1.944270753544034,3.589636603972151
0.7116534334406143,0.5276445833901376,0.8065758349537706,1.0159990707250288,1.530926459469711,1.3674903284651043,1.6832508230603462,0.21268563340640204,1.0534854557788988,-0.48772236467012914
0.648575230922668,-0.33854789168154736,1.1764658292771952,-0.4372580131280699,-0.6012760972551554,-0.14421743255530314,-0.5940885257860046,-0.3092913729446307,0.7192160801248587,-0.48772236467012914
0.352808548005186,-0.13054772497025488,0.8065758349537706,1.0159990707250288,1.530926459469711,1.194723727205629,1.6832508230603462,0.5855012488598197,0.8543462532615982,-0.48772236467012914
-0.14060316946852758,-0.43257536430446025,-0.4880391451782146,-0.7203221439187337,-0.6012760972551554,-0.4379206546964113,-0.5940885257860046,-0.358024991564638,-0.01688775775159103,-0.48772236467012914
-0.42936116321734874,1.3083575378955374,-2.5224341139570474,-1.0456999849822286,-0.8566652614311143,0.7973605443088366,-0.5940885257860046,-0.35766307081122156,0.4702920769782333,0.3706689971492982
-0.7083069921300449,0.04326063351452497,-0.8579291395016376,-0.8487223681949111,-0.6844260576845375,-1.2931153309308134,-0.5940885257860046,-0.41517588609931233,-0.8170006250086013,1.7655549601058678
-1.504494081689901,2.161728084882278,-1.7364178760197713,1.2319449024622358,-0.03110494002510758,0.4345506816639384,-0.5940885257860046,-0.2071156747132236,1.0534854557788988,-0.48772236467012914
1.6017569578605235,0.1358634474613326,0.8065758349537706,1.0159990707250288,1.530926459469711,1.0737871063239972,1.6832508230603462,0.6662794008112622,0.9610279688958663,-0.48772236467012914
1.2148773157504529,-0.609233040141448,1.268938327858051,1.5689954911872015,0.17083067816053438,0.5986789528604399,-0.5940885257860046,-0.3914473839701735,1.0534854557788988,-0.48772236467012914
-0.830258183664741,0.24413750684529387,0.5753945885016305,-0.876445143890904,-0.7378796036748544,-0.878475487908073,-0.5940885257860046,-0.40768494111621933,-0.027555929315017734,0.585266837604155
0.6037196202432394,0.07175380703661924,1.268938327858051,1.5689954911872015,0.17083067816053438,0.5986789528604399,-0.5940885257860046,-0.3556067557910063,1.0534854557788988,-0.48772236467012914
0.3836467803472932,0.20852103994267476,1.268938327858051,1.5689954911872015,0.17083067816053438,0.5986789528604399,-0.5940885257860046,-0.3826460763878941,1.0748217989057522,-0.48772236467012914
-0.7910095243202412,1.1060560058886633,0.8065758349537706,1.0159990707250288,1.530926459469711,-0.19604741293314576,1.6832508230603462,0.24643619832789718,0.29960133196340444,-0.48772236467012914
2.4217735905938262,-0.9312059009411201,-1.505236629567631,-0.47665353648553344,-0.5775189657039035,-0.26515405343693593,-0.5940885257860046,-0.3959347358196075,1.1174944851594597,0.04877223646701293
-0.9115589780212052,0.03898665748621058,0.5291583392112035,-0.5481491159120413,-0.7200617550114154,-0.5329422853891227,-0.5940885257860046,-0.38520163257600537,-1.4108621753726938,-0.48772236467012914
0.29533729682216825,-0.8143838895005313,0.8065758349537706,1.0159990707250288,1.530926459469711,0.21859243008959417,1.6832508230603462,1.1010742362203352,-0.4222782771618094,-0.48772236467012914
-0.6452287896120984,1.1673163289611674,0.0667958463069231,-1.4236051905223417,-1.1417508400461382,-1.1972298672318047,-0.5940885257860046,-0.41824697570788505,-0.32270867590315927,0.26337007692186976
-0.9227728806910623,0.8353708574287626,-1.6901816267293426,-1.2981231531615318,-0.29837266997669254,-1.3363069812456823,-0.5940885257860046,-0.4153772117917273,-0.7529915956280405,2.516647401697867
-0.3354447283572953,-0.26873961655241435,1.1764658292771952,-0.4372580131280699,-0.6012760972551554,-0.14421743255530314,-0.5940885257860046,-0.3462759500003523,0.5663056210490747,-0.48772236467012914
0.4887771178772038,-1.4426583656627232,-1.7364178760197713,1.2319449024622358,-0.03110494002510758,2.732346478414959,-0.5940885257860046,-0.13578935671434908,0.9041310538909235,-0.48772236467012914
-1.496083654687508,1.0533436348727878,-0.07191290156436134,-1.1945275176659798,-0.9279366560848703,-1.0944337394824173,-0.5940885257860046,-0.41660844059273905,-1.8767056669756643,2.7312452421527236
1.2793572561021316,-0.08780796468711222,0.8065758349537706,1.0159990707250288,1.530926459469711,1.004680465820207,1.6832508230603462,1.658688217593468,1.1174944851594597,-0.48772236467012914
0.20702781329704348,-0.7488495903997127,0.8065758349537706,1.0159990707250288,1.530926459469711,0.8664671848126269,1.6832508230603462,-0.05235905879172901,-0.7245431381255689,-0.48772236467012914
-0.07331975344938475,-0.96397305049153,0.8065758349537706,1.0159990707250288,1.530926459469711,0.9010205050645219,1.6832508230603462,0.9702707227669163,1.1174944851594597,-0.48772236467012914
0.12012006760565058,-0.5650686211822014,-0.950401638082495,0.40172072504013456,-0.7853938667773583,-0.04055747179961793,-0.5940885257860046,-0.41521079806909533,-0.44717067747647204,-0.48772236467012914
-1.0937848964063837,0.7513159955385825,-1.6439453774389146,-1.139081966273994,-1.1417508400461382,-0.9657226215441079,-0.5940885257860046,-0.39603481679965197,-1.2935122881749985,0.3706689971492982
1.4335484178126667,-0.9369045356455397,0.8065758349537706,1.0159990707250288,1.530926459469711,1.6007252401653962,1.6832508230603462,0.6723005518664935,0.9005749967031148,-0.48772236467012914
-0.8653016295080446,0.7256721393686961,1.1764658292771952,0.11573840733410301,-0.8032117154407974,0.1581241196487778,-0.5940885257860046,-0.407764074914394,0.7369963660639034,-0.48772236467012914
-0.29339259334533097,-0.5550960104494687,0.8065758349537706,-0.8676905831448009,-1.0942365769436344,-0.3428990240036998,-0.5940885257860046,-0.4169785074724382,-0.31915261871535033,-0.48772236467012914
-0.43636985238600956,0.4934527751636238,-0.4880391451782146,-0.7203221439187337,-0.6012760972551554,-0.41200566450749,-0.5940885257860046,-0.359935840044091,0.28182104602435976,-0.48772236467012914
0.7579107819537747,-0.7146577821731989,0.0667958463069231,-0.0797801159955307,-0.7794545838895454,-0.5674956056410178,-0.5940885257860046,-0.391192526590758,0.1466908728876203,-0.48772236467012914
0.47335800170615033,-0.680465973946685,0.0667958463069231,-0.0797801159955307,-0.7794545838895454,-0.5674956056410178,-0.5940885257860046,-0.39524231508557917,-0.5254039356082687,-0.48772236467012914
-0.8947381240164196,0.5604117329405464,-1.1353466352442065,0.40609800541318597,-0.7081831892357894,-1.0166887689156532,-0.5940885257860046,-0.40546803103500256,-1.332628917240897,-0.48772236467012914
0.18740348362479342,0.046109950866734147,0.8065758349537706,1.0159990707250288,1.530926459469711,1.3674903284651043,1.6832508230603462,0.3539371356835289,0.5129647632319406,-0.48772236467012914
-1.2704038634566335,0.21849365067540752,0.29797709275906326,-0.769931321479984,-0.4646725908354565,-1.068518749293496,-0.5940885257860046,-0.39560307210666956,-2.122073612934481,0.4565081333312409
0.13133397027550772,-0.5109315914902207,0.34421334204949033,-0.21109852718707578,-0.10237633467886356,0.261784080404463,-0.5940885257860046,-0.38798295283537965,-0.9236823406428694,-0.48772236467012914
0.0794696704274186,-0.10775318615257896,0.8065758349537706,1.0159990707250288,1.530926459469711,0.8664671848126269,1.6832508230603462,0.4917695923865798,-0.11290130182243188,-0.48772236467012914
-1.0923831585726513,0.9935079704763888,-1.0891103859537778,-0.7363721719532559,-0.47061187372326946,-1.0512420891675485,-0.5940885257860046,-0.408880094215122,-1.8091405804072942,0.9715429504228973
-0.9353885211946515,0.2925759018328549,0.5753945885016305,-1.4425734054722315,-0.43497617639639147,-1.0857954094194435,-0.5940885257860046,-0.4132894759987074,-0.8596733112623086,1.2290603589687255
0.13974439727790064,-0.5194795435468496,0.0667958463069231,-0.6094310411347623,-1.1001758598314473,-0.7834538572153615,-0.5940885257860046,-0.40996818394002366,-0.2515875321469806,0.3706689971492982
-0.7321365353034912,-0.17471214392950152,-1.7364178760197713,-1.3287641157728924,-0.3577654988548225,-1.2067320303010762,-0.5940885257860046,-0.4165083596126946,-1.0730367425308447,3.053142002835009
-1.5311271005308116,1.7158099192614935,-1.7364178760197713,1.2319449024622358,-0.03110494002510758,0.4345506816639384,-0.5940885257860046,-0.25022148380422077,0.7903372238810374,-0.48772236467012914
-0.730734797469759,-0.10490386880036852,-0.25685789872607445,-0.6167265084231814,-1.0407830309533173,-0.9216671382229419,-0.5940885257860046,-0.4019721791274041,-2.2074189854418953,-0.48772236467012914
-0.4153437848800274,0.5091240206007762,-0.950401638082495,0.40172072504013456,-0.7853938667773583,-0.04055747179961793,-0.5940885257860046,-0.4123561626731768,0.5876419641759281,-0.48772236467012914
1.0747035323772387,0.0831510764454572,0.8065758349537706,1.0159990707250288,1.530926459469711,1.194723727205629,1.6832508230603462,1.2361951966035776,1.1174944851594597,-0.48772236467012914
-1.05874145056308,0.949343551517141,-1.505236629567631,-1.123031938239472,-0.06080135446417258,-1.0166887689156532,-0.5940885257860046,-0.40996469274304537,-1.6740104072705548,1.4436581994235824
-0.37609512553552726,-0.4453972923894021,-0.025676652273934286,-0.18045756457571516,-0.6190939459185945,-0.09238745217746054,-0.5940885257860046,-0.3798566100022371,0.28893316039997774,-0.48772236467012914
-0.8064286404912946,0.7940557558217239,-2.5224341139570474,-1.0456999849822286,-0.8566652614311143,0.7973605443088366,-0.5940885257860046,-0.3441009342828751,1.1174944851594597,0.3706689971492982
0.5350344663903642,-0.6177809921980768,1.1302295799867665,-0.37597608790534887,-0.14395131489355456,-0.299707373688831,-0.5940885257860046,-0.4050839993673902,1.000144597961765,-0.48772236467012914
-0.5919627519302771,-0.4083561668106791,-0.7654566409207818,-0.8020313775490284,-0.9813902020751873,-0.9994121087897058,-0.5940885257860046,-0.414720866759808,-1.6775664644583639,0.41358856524026955
1.1489956375650423,-1.2745486418823642,0.8065758349537706,1.0159990707250288,1.530926459469711,1.2551920376464454,1.6832508230603462,0.5281269177185345,1.0783778560935615,-0.48772236467012914
-0.492439365735295,0.19427445318162764,-0.30309414801650153,-0.5933810131002402,-0.9873294849630003,-0.7402622069004932,-0.5940885257860046,-0.4173392644935286,0.36716641853177445,-0.48772236467012914
0.7200638604430069,0.08030175909324803,0.8065758349537706,1.0159990707250288,1.530926459469711,1.6007252401653962,1.6832508230603462,0.31124561530062267,0.9894764263983382,-0.48772236467012914
0.7579107819537747,-1.1833704866116606,0.7603395856633436,2.422565163932244,1.7981941894212958,0.46910400191583346,-0.5940885257860046,-0.40296135160458746,0.8579023104494075,-0.48772236467012914
0.4971875448795965,-0.9725210025481575,-0.25685789872607445,-0.6167265084231814,-1.0407830309533173,-0.9216671382229419,-0.5940885257860046,-0.39494207214544585,-0.23380724620793591,-0.48772236467012914
1.4139240881404167,0.7684118996518389,0.8065758349537706,1.0159990707250288,1.530926459469711,1.4106819787799734,1.6832508230603462,0.9541181180806756,0.28182104602435976,-0.48772236467012914
-1.0321084317221694,0.6302200080696794,0.25174084346863457,-0.9158406672483674,-0.7556974523382934,-1.1117103996083648,-0.5940885257860046,-0.41573098641886114,-1.2472835447334825,0.585266837604155
-0.24993872049963475,-0.560794645153887,0.0667958463069231,-0.0797801159955307,-0.7794545838895454,-0.5674956056410178,-0.5940885257860046,-0.40464178108347293,-1.6455619497680836,-0.48772236467012914
1.077507008044703,-0.26873961655241435,1.1764658292771952,-0.4372580131280699,-0.6012760972551554,-0.14421743255530314,-0.5940885257860046,-0.23282834045835957,1.0072567123373828,-0.48772236467012914
0.699037792937025,0.09027436982598078,0.8065758349537706,1.0159990707250288,1.530926459469711,0.25314575034148923,1.6832508230603462,0.5677392023665854,0.6232025360540174,-0.48772236467012914
-0.19667268281781328,1.4850152137325252,-2.5224341139570474,-1.0456999849822286,-0.8566652614311143,0.7973605443088366,-0.5940885257860046,-0.32447924353253615,0.9219113398299682,0.3706689971492982
0.2616955888125968,-0.1177257968853117,0.8065758349537706,1.0159990707250288,1.530926459469711,1.0737871063239972,1.6832508230603462,3.9623196317510434,0.36005430415615647,-0.48772236467012914
0.18880522145852552,-1.882877896579089,0.8065758349537706,1.0159990707250288,1.530926459469711,1.4106819787799734,1.6832508230603462,0.009708604820709505,0.8116735670078914,-0.48772236467012914
-0.6242027221061164,0.1714799143639517,-0.30309414801650153,-1.1274092186125233,-0.8210295641042363,-0.5674956056410178,-0.5940885257860046,-0.4159416219698849,0.18936355914132763,-0.48772236467012914
-0.40833509571136656,-0.42687672960004064,0.8065758349537706,-0.8676905831448009,-1.0942365769436344,-0.3428990240036998,-0.5940885257860046,-0.41412038087954145,-0.8241127393842193,-0.48772236467012914
0.06405055425636488,-0.07926001263048343,0.8065758349537706,1.0159990707250288,1.530926459469711,0.5122956522307023,1.6832508230603462,1.2475415867830333,0.6907676226223873,-0.48772236467012914
-1.0335101695559015,0.3224937340310544,-0.7654566409207818,-0.8020313775490284,-0.9813902020751873,-0.9994121087897058,-0.5940885257860046,-0.41427981220821686,-1.6882346360217906,0.41358856524026955
-0.29759780684652754,-0.38556162799300314,0.15926834488777883,-0.9844180597595077,-0.3340083673035705,-0.9734971186007845,-0.5940885257860046,-0.41689471874495915,-0.7138749665621422,-0.48772236467012914
-0.6382201004434378,1.3126315139238518,-2.5224341139570474,-1.0456999849822286,-0.8566652614311143,0.7973605443088366,-0.5940885257860046,-0.3565039934144279,0.8187856813835088,0.3706689971492982
-0.03547283193861701,-0.2701642752285196,-0.8579291395016376,-0.9056270130445806,-0.6428510774698464,-1.0944337394824173,-0.5940885257860046,-0.40816789003154996,-0.1235694733858591,0.7998646780590118
-0.6157922951037235,-0.47816444193981206,1.1764658292771952,-0.4372580131280699,-0.6012760972551554,-0.14421743255530314,-0.5940885257860046,-0.34723021050775266,-0.24091936058355387,-0.48772236467012914
-0.16162923697450976,-0.8257811589093692,-0.025676652273934286,-0.18045756457571516,-0.6190939459185945,-0.09238745217746054,-0.5940885257860046,-0.3910098206155606,0.3244937322780671,-0.48772236467012914
-1.0026719372137944,1.0291244373790067,-0.30309414801650153,-1.1274092186125233,-0.8210295641042363,-0.5674956056410178,-0.5940885257860046,-0.41393069251038744,0.6303146504296354,-0.48772236467012914
2.710531584342647,-1.8301655255632139,0.8065758349537706,1.0159990707250288,1.530926459469711,1.2551920376464454,1.6832508230603462,2.209180157130881,0.7441084804395214,-0.48772236467012914
-0.8512842511707231,2.003590971834652,0.0667958463069231,-0.6094310411347623,-1.1001758598314473,-0.7834538572153615,-0.5940885257860046,-0.39469652462463917,-0.5965250793644474,0.3706689971492982
-1.25498474728558,2.3426597367475814,-1.7364178760197713,1.2319449024622358,-0.03110494002510758,0.4345506816639384,-0.5940885257860046,-0.18658510901620207,0.9823643120227202,-0.48772236467012914
-0.37609512553552726,-0.5935617947042956,-0.7192203916303548,-1.1522138073931485,0.12925569794584338,-0.8180071774672566,-0.5940885257860046,-0.41281700067431165,-1.5210999481947707,-0.48772236467012914
0.03741753541545428,-0.3784383346124796,0.34421334204949033,-0.21109852718707578,-0.10237633467886356,0.261784080404463,-0.5940885257860046,-0.3926902500944462,-0.11645735901024112,-0.48772236467012914
0.6527804444238641,-0.7516989077519232,1.268938327858051,1.5689954911872015,0.17083067816053438,0.5986789528604399,-0.5940885257860046,-0.30691735899939077,1.060597570154517,-0.48772236467012914
-0.8667033673417768,1.6175084706102663,-0.025676652273934286,-1.3068777139076349,-1.1061151427192604,-0.7143472167115719,-0.5940885257860046,-0.4117859338333888,0.11824241538514893,0.928623382331926
0.32617552916427545,-0.24309576038252928,0.8065758349537706,1.0159990707250288,1.530926459469711,0.24450742027851546,1.6832508230603462,0.2418499292307448,0.39917093322205455,-0.48772236467012914
0.010784516574543664,-0.24452041905863323,-0.025676652273934286,-0.18045756457571516,-0.6190939459185945,-0.09238745217746054,-0.5940885257860046,-0.3651854365671192,-0.34760107621782194,-0.48772236467012914
-1.0461258100594908,0.15438401025069415,-0.8579291395016376,-0.9056270130445806,-0.6428510774698464,-1.0944337394824173,-0.5940885257860046,-0.4056716841920697,-2.1611902420003792,0.7998646780590118
0.3009442481570969,-0.5650686211822014,1.222702078567624,-1.041322704609177,0.3608877305705503,-1.249923680615945,-0.5940885257860046,-0.418934741512609,-0.7458794812524225,2.7312452421527236
0.27851644281738264,-0.6861646086511045,0.8065758349537706,1.0159990707250288,1.530926459469711,1.8598751420546091,1.6832508230603462,0.07085575616320444,0.7263281945004767,-0.48772236467012914
0.11170964060325766,-0.4582192204743453,-0.7654566409207818,-0.8020313775490284,-0.9813902020751873,-0.9994121087897058,-0.5940885257860046,-0.4101916205466345,-0.8134445678207923,0.41358856524026955
0.27991818065111473,0.13016481275691427,0.8065758349537706,1.0159990707250288,1.530926459469711,1.3674903284651043,1.6832508230603462,0.009261731607487828,0.7049918513736233,-0.48772236467012914
-0.4223524740486879,-0.6063837227892388,-0.8579291395016376,-1.034027237320758,-0.6666082090210984,-0.3860906743185687,-0.5940885257860046,-0.4106873705175522,0.004448585375262888,-0.48772236467012914
1.5877395795232025,0.248411482873607,0.8065758349537706,1.0159990707250288,1.530926459469711,1.6007252401653962,1.6832508230603462,0.821394446289195,0.9325795113933949,-0.48772236467012914
-1.018091053384848,1.282713681725651,-1.505236629567631,-1.123031938239472,-0.06080135446417258,-1.0166887689156532,-0.5940885257860046,-0.4107769779066618,-1.0552564565918001,1.4436581994235824
-0.5008497927376879,-0.2345478083259005,1.1764658292771952,0.11573840733410301,-0.8032117154407974,0.1581241196487778,-0.5940885257860046,-0.4152492012358565,0.28893316039997774,-0.48772236467012914
-0.3312395148560989,0.3253430513832636,0.8065758349537706,1.0159990707250288,1.530926459469711,1.3674903284651043,1.6832508230603462,0.2569086255304534,0.7583327091907573,-0.48772236467012914
-0.8372668728334018,0.7085762352554399,-1.505236629567631,-1.123031938239472,-0.06080135446417258,-1.0166887689156532,-0.5940885257860046,-0.41135302540808033,-0.9770231984600034,1.4436581994235824
-0.18686051798168826,0.16720593833563732,-1.7364178760197713,1.2319449024622358,-0.03110494002510758,0.4345506816639384,-0.5940885257860046,-0.13545769300141114,0.9468037401446309,-0.48772236467012914
-0.8120355918262232,-0.19893134142328264,0.5753945885016305,-0.876445143890904,-0.7378796036748544,-0.878475487908073,-0.5940885257860046,-0.4025435716995182,-1.4001940038092666,0.585266837604155
2.545126519962255,-1.2617267137974209,-0.25685789872607445,-0.6167265084231814,-1.0407830309533173,-0.9216671382229419,-0.5940885257860046,-0.3909737449134516,0.9503597973324396,-0.48772236467012914
-1.127426604415955,0.8396448334570757,-0.39556664659735724,-1.0734227606782216,-0.22710127532293653,-0.6106872559558867,-0.5940885257860046,-0.41696919761382945,-1.439310632875165,1.8728538803332961
-0.2485369826659024,-0.2829862033134615,-0.4880391451782146,-0.7203221439187337,-0.6012760972551554,-0.41200566450749,-0.5940885257860046,-0.3820618827601929,-0.2515875321469806,-0.48772236467012914
-1.2788142904590263,0.9578915035737697,0.29797709275906326,-0.769931321479984,-0.4646725908354565,-1.068518749293496,-0.5940885257860046,-0.4109503740232504,-2.1967508138784684,0.4565081333312409
0.16497567828507914,-0.45536990312213615,1.1764658292771952,-0.4372580131280699,-0.6012760972551554,-0.14421743255530314,-0.5940885257860046,-0.3213627683632456,0.7334403088760947,-0.48772236467012914
-0.6662548571180805,-0.026547641614608014,-0.025676652273934286,-0.18045756457571516,-0.6190939459185945,-0.09238745217746054,-0.5940885257860046,-0.38916879607567356,0.5058526488563226,-0.48772236467012914
0.28692686981977533,-0.29010949669398506,0.8065758349537706,1.0159990707250288,1.530926459469711,1.3674903284651043,1.6832508230603462,0.37095672095271265,0.5627495638612658,-0.48772236467012914
-1.0026719372137944,-0.04934218043228394,-1.7364178760197713,1.2319449024622358,-0.03110494002510758,0.4345506816639384,-0.5940885257860046,-0.27232076067682237,0.8543462532615982,-0.48772236467012914
-0.9255763563585268,1.399535693166241,-0.39556664659735724,-0.6896811813073732,-0.9160580903092443,-0.9303054682859156,-0.5940885257860046,-0.408334303754182,-0.6960946806230975,1.2290603589687255
0.8686480708186142,0.28545260845233134,0.8065758349537706,1.0159990707250288,1.530926459469711,1.6007252401653962,1.6832508230603462,0.7393210602588053,1.1174944851594597,-0.48772236467012914
-1.1162127017460979,0.6473159121829356,-1.505236629567631,-1.123031938239472,-0.06080135446417258,-1.0166887689156532,-0.5940885257860046,-0.4124748633704388,-1.3432970888043239,1.4436581994235824
2.545126519962255,-1.4355350722821996,0.8065758349537706,1.0159990707250288,1.530926459469711,1.2551920376464454,1.6832508230603462,1.5359260945133866,1.0499293985910896,-0.48772236467012914
-0.5709366844242949,-0.22457519759316774,-1.1353466352442065,0.40609800541318597,-0.7081831892357894,-1.0166887689156532,-0.5940885257860046,-0.4108991698009021,-1.784248180092632,-0.48772236467012914
1.041061824367667,-1.609343430766978,0.8065758349537706,1.0159990707250288,1.530926459469711,0.3654440411601482,1.6832508230603462,2.914250661543895,1.1174944851594597,-0.48772236467012914
-0.7671799811467948,0.5860555891104314,-0.39556664659735724,-1.0734227606782216,-0.22710127532293653,-0.6106872559558867,-0.5940885257860046,-0.41755804617083503,-0.43294644872523635,1.8728538803332961
-1.0559379748956157,3.4467702107287583,-2.5224341139570474,-1.0456999849822286,-0.8566652614311143,0.7973605443088366,-0.5940885257860046,-0.34935053080590334,0.6516509935564893,0.3706689971492982
-1.13723876925208,0.49915140986804213,-0.025676652273934286,-0.18045756457571516,-0.6190939459185945,-0.09238745217746054,-0.5940885257860046,-0.3631477412641215,0.4951844772928959,-0.48772236467012914
1.2330999075889706,-0.9796442959286811,-1.7364178760197713,1.2319449024622358,-0.03110494002510758,2.732346478414959,-0.5940885257860046,-0.10235649071787879,0.9361355685812042,-0.48772236467012914
-0.0074380752639742805,0.24698682419750306,1.268938327858051,1.5689954911872015,0.17083067816053438,0.5986789528604399,-0.5940885257860046,-0.3809435359948127,1.0783778560935615,-0.48772236467012914
0.08788009742981127,-1.2546034204168974,-1.7364178760197713,1.2319449024622358,-0.03110494002510758,2.732346478414959,-0.5940885257860046,-0.24638582205740167,1.1174944851594597,-0.48772236467012914
0.002374089572150747,-0.24594507773473845,0.8065758349537706,1.0159990707250288,1.530926459469711,1.8598751420546091,1.6832508230603462,0.07538500237637799,0.4525117910391886,-0.48772236467012914
-0.9059520266862766,1.611809835905848,-0.21062164943564576,-1.2032820784120826,-0.7853938667773583,-0.9475821284118632,-0.5940885257860046,-0.41253421371906984,-0.21602696026889123,-0.48772236467012914
-0.5288845494123307,-0.5835891839715629,0.8065758349537706,1.0159990707250288,1.530926459469711,0.9787654756312858,1.6832508230603462,0.541569189817293,0.7476645376273301,-0.48772236467012914
-0.590561014096545,-0.23312314964979527,0.020559597016494405,-0.9698271251826692,-0.9576330705239353,-0.9130288081599681,-0.5940885257860046,-0.4121955676121753,-0.41872221997400066,-0.48772236467012914
0.5013927583807931,0.023315412049058223,0.8065758349537706,1.0159990707250288,1.530926459469711,1.3674903284651043,1.6832508230603462,0.48163464755859203,0.5378571635466033,-0.48772236467012914
-0.4994480549039558,-0.20035600009938662,-0.7192203916303548,-1.1522138073931485,0.12925569794584338,-0.8180071774672566,-0.5940885257860046,-0.41522941778631284,-1.2935122881749985,-0.48772236467012914
2.368507552912005,-1.2432061510080594,0.0667958463069231,-0.0797801159955307,-0.7794545838895454,-0.5674956056410178,-0.5940885257860046,-0.3868215479739338,-2.0900690982442005,-0.48772236467012914
0.6303526390841497,-0.4738904659114977,0.8065758349537706,1.0159990707250288,1.530926459469711,0.8664671848126269,1.6832508230603462,0.0187892081612524,0.5734177354246925,-0.48772236467012914
0.22665214296929329,-0.39980821475405154,0.29797709275906326,2.117614631276323,-1.3080507609049024,0.22723076015256793,-0.5940885257860046,-0.4121792753596099,0.5520813922978387,-0.48772236467012914
-0.6690583327855448,-0.36276708917532724,1.1764658292771952,0.11573840733410301,-0.8032117154407974,0.1581241196487778,-0.5940885257860046,-0.41500016251807154,0.4347315051001439,-0.48772236467012914
1.1728251807384886,-1.0181100801835095,1.1764658292771952,-0.4372580131280699,-0.6012760972551554,-0.14421743255530314,-0.5940885257860046,-0.27484256862747686,1.0499293985910896,-0.48772236467012914
-1.1344352935846158,0.38660337445576776,-1.505236629567631,-1.123031938239472,-0.06080135446417258,-1.0166887689156532,-0.5940885257860046,-0.4058788285461152,-1.4037500609970757,1.4436581994235824
-0.38871076603911653,-0.4610685378265545,0.34421334204949033,-0.04768005992648626,-0.6131546630307815,-1.2240086904270238,-0.5940885257860046,-0.40204200306696997,-1.8162526947829123,-0.48772236467012914
0.8420150519777033,-0.6391508723396475,1.1302295799867665,-0.37597608790534887,-0.14395131489355456,-0.299707373688831,-0.5940885257860046,-0.40059432005330403,0.8294538529469361,-0.48772236467012914
0.04863143808531142,-0.6106576988175532,0.0667958463069231,-0.6094310411347623,-1.1001758598314473,-0.7834538572153615,-0.5940885257860046,-0.3857032012085536,-0.941462626581914,0.3706689971492982
-0.9339867833609194,0.49915140986804213,-0.6729841423399261,-1.33168230268826,-0.7616367352261064,-1.033965429041601,-0.5940885257860046,-0.41877065525462914,-1.382413717870222,2.9458430826075803
1.4882161933282203,0.49060345781141335,0.8065758349537706,1.0159990707250288,1.530926459469711,1.6007252401653962,1.6832508230603462,0.8782544077423448,0.9254673970177769,-0.48772236467012914
-0.28358042850920595,0.1714799143639517,1.1302295799867665,-0.37597608790534887,-0.14395131489355456,-0.299707373688831,-0.5940885257860046,-0.3938958767842838,0.5983101357393552,-0.48772236467012914
